{"extensionType":"field_faas","i18nMap":{},"fields":[{"fieldType":1,"uiSchema":{"fieldsConfigEditor":{"component":"OpenFieldMetaEditor","props":{"schema":{"authorizations":[{"id":"dashscope_auth","platform":"dashscope","type":"HeaderBearerToken","label":"阿里百炼 API-KEY","required":true,"instructionsUrl":"https://help.aliyun.com/document_detail/611472.html","icon":{"light":"https://img.alicdn.com/imgextra/i2/O1CN01sdqPwt1t0hBlKFj9c_!!6000000005848-2-tps-200-200.png","dark":"https://img.alicdn.com/imgextra/i2/O1CN01sdqPwt1t0hBlKFj9c_!!6000000005848-2-tps-200-200.png"},"isRequired":true,"authType":"APIKey"}],"items":[{"key":"audioVideo","label":"音视频来源","component":"FieldSelect","props":{"supportType":[17,15,1],"mode":"single"},"validator":{"required":true}}]}}}},"presetFieldConfig":{"fieldProperty":{"propertyType":1,"properties":[]},"externalEditorConfig":{}},"disableAutoUpdate":false}]}